month;close;color;d1m;d3m;d6m;d12m;d2Y;d3Y;d5Y;d2Ya;d3Ya;d5Ya;fedfunds;inflation
Jan-85;179.63;dark green;0.0079;0.007850851;0.050196056;0.102487422;0.197829757;0.304328077;0.673944938;0.098914878;0.101442692;0.134788988;8.35;3.5
Feb-85;181.18;dark green;0.0086;0.007626854;0.049871476;0.102846126;0.198095511;0.304625117;0.674101468;0.099047755;0.101541706;0.134820294;8.5;3.5
Mar-85;180.66;dark green;-0.0029;-0.002870074;0.049300819;0.103221875;0.198793713;0.304956316;0.67427806;0.099396857;0.101652105;0.134855612;8.58;3.7
Apr-85;179.83;dark green;-0.0046;-0.004594265;0.049000329;0.103476441;0.199200144;0.305220543;0.674601455;0.099600072;0.101740181;0.134920291;8.27;3.7
May-85;189.55;dark green;0.0541;0.054051048;0.048677157;0.103576425;0.199594345;0.305088103;0.674396093;0.099797172;0.101696034;0.134879219;7.97;3.8
Jun-85;191.85;dark green;0.0121;0.012134002;0.048103002;0.10365958;0.200064285;0.304582879;0.673692768;0.100032143;0.101527626;0.134738554;7.53;3.8
Jul-85;190.92;dark green;-0.0048;-0.004847537;0.062851417;0.103398412;0.200574257;0.304384246;0.673387084;0.100287128;0.101461415;0.134677417;7.88;3.6
Aug-85;188.63;dark green;-0.012;-0.011994553;0.041119329;0.103125754;0.201334835;0.304283462;0.673169975;0.100667418;0.101427821;0.134633995;7.9;3.3
Sep-85;182.08;dark green;-0.0347;-0.034724063;0.007860069;0.102622829;0.201938383;0.304223714;0.672950896;0.100969191;0.101407905;0.134590179;7.92;3.1
Oct-85;189.82;dark green;0.0425;0.042508787;0.055552466;0.102254259;0.202572785;0.304271454;0.673001953;0.101286392;0.101423818;0.134600391;7.99;3.2
Nov-85;202.17;dark green;0.0651;0.065061637;0.066578739;0.101738936;0.20337016;0.304539187;0.673179486;0.10168508;0.101513062;0.134635897;8.05;3.5
Dec-85;211.28;dark green;0.0451;0.045061087;0.101277039;0.101129584;0.203936895;0.304611731;0.67325591;0.101968447;0.101537244;0.134651182;8.27;3.8
Jan-86;211.78;dark green;0.0024;0.002366528;0.109260423;0.178979012;0.204662959;0.304528352;0.673129356;0.10233148;0.101509451;0.134625871;8.14;3.9
Feb-86;226.92;dark green;0.0715;0.071489281;0.20298998;0.252456121;0.205242824;0.304679964;0.673317191;0.102621412;0.101559988;0.134663438;7.86;3.1
Mar-86;238.9;dark green;0.0528;0.052793936;0.312060633;0.322373519;0.205870727;0.304919649;0.673678415;0.102935364;0.101639883;0.134735683;7.48;2.3
Apr-86;235.52;dark green;-0.0141;-0.014148179;0.240754399;0.309681366;0.206322062;0.304944552;0.674128428;0.103161031;0.101648184;0.134825686;6.99;1.6
May-86;247.35;dark green;0.0502;0.05022928;0.223475293;0.304932735;0.206959857;0.305182349;0.674455759;0.103479928;0.10172745;0.134891152;6.85;1.5
Jun-86;250.84;dark green;0.0141;0.014109561;0.187239682;0.307479802;0.208229379;0.305658915;0.675046125;0.104114689;0.101886305;0.135009225;6.92;1.8
Jul-86;236.12;dark green;-0.0587;-0.058682826;0.114930588;0.236748376;0.208718898;0.30631275;0.67583517;0.104359449;0.10210425;0.135167034;6.56;1.6
Aug-86;252.93;dark green;0.0712;0.071192614;0.114621893;0.340878969;0.209064518;0.306905409;0.676598572;0.104532259;0.102301803;0.135319714;6.17;1.6
Sep-86;231.32;dark green;-0.0854;-0.085438659;-0.031728757;0.27043058;0.209092219;0.307560924;0.677570872;0.10454611;0.102520308;0.135514174;5.89;1.8
Oct-86;243.98;dark green;0.0547;0.054729379;0.035920516;0.285322938;0.209216779;0.308166415;0.678555537;0.10460839;0.102722138;0.135711107;5.85;1.5
Nov-86;249.22;dark green;0.0215;0.02147717;0.007560137;0.232724934;0.209032322;0.308765844;0.680026072;0.104516161;0.102921948;0.136005214;6.04;1.3
Dec-86;242.17;dark green;-0.0283;-0.028288259;-0.034563865;0.146204089;0.208700146;0.309171267;0.681374036;0.104350073;0.103057089;0.136274807;6.91;1.1
Jan-87;274.08;dark green;0.1318;0.131766941;0.160765712;0.294173199;0.52580304;0.310102225;0.682650191;0.26290152;0.103367408;0.136530038;6.43;1.5
Feb-87;284.2;dark green;0.0369;0.036923526;0.123631044;0.252423762;0.568605806;0.310926402;0.683876483;0.284302903;0.103642134;0.136775297;6.1;2.1
Mar-87;291.7;dark green;0.0264;0.026389866;0.26102369;0.221012976;0.614635226;0.312338689;0.68542668;0.307317613;0.104112896;0.137085336;6.13;3
Apr-87;288.36;dark green;-0.0115;-0.01145012;0.181900156;0.22435462;0.60351443;0.313194076;0.686962299;0.301757215;0.104398025;0.13739246;6.37;3.8
May-87;290.1;dark green;0.006;0.006034124;0.164031779;0.172832019;0.530466895;0.313810412;0.688341993;0.265233448;0.104603471;0.137668399;6.85;3.9
Jun-87;304;dark green;0.0479;0.047914512;0.255316513;0.211927922;0.58457128;0.314491168;0.689564873;0.29228564;0.104830389;0.137912975;6.73;3.7
Jul-87;318.66;dark green;0.0482;0.048223684;0.16265324;0.349568016;0.669076053;0.314702043;0.690309082;0.334538026;0.104900681;0.138061816;6.58;3.9
Aug-87;329.8;dark green;0.035;0.03495889;0.160450387;0.30391808;0.748396331;0.315148869;0.69097952;0.374198166;0.105049623;0.138195904;6.73;4.3
Sep-87;321.83;dark green;-0.0242;-0.024166161;0.103291052;0.391276154;0.767519772;0.315080986;0.691248806;0.383759886;0.105026995;0.138249761;7.22;4.4
Oct-87;251.79;dark green;-0.2176;-0.217630426;-0.126820641;0.032010821;0.326467179;0.315250234;0.691748706;0.16323359;0.105083411;0.138349741;7.29;4.5
Nov-87;230.3;dark green;-0.0853;-0.085348902;-0.206135815;-0.075916861;0.139140327;0.315336866;0.692059793;0.069570164;0.105112289;0.138411959;6.69;4.5
Dec-87;247.08;dark green;0.0729;0.072861485;-0.187236842;0.020275013;0.169443393;0.315071816;0.69196797;0.084721696;0.105023939;0.138393594;6.77;4.4
Jan-88;257.07;dark green;0.0404;0.040432249;-0.193278102;-0.062062172;0.213853999;0.431108389;0.69196797;0.106927;0.143702796;0.138393594;6.83;4
Feb-88;267.82;dark green;0.0418;0.041817404;-0.18793208;-0.057635468;0.180239732;0.478198477;0.69196797;0.090119866;0.159399492;0.138393594;6.58;3.9
Mar-88;258.89;dark green;-0.0333;-0.03334329;-0.195569089;-0.112478574;0.083675178;0.433023359;0.69196797;0.041837589;0.14434112;0.138393594;6.58;3.9
Apr-88;261.33;dark green;0.0094;0.009424852;0.037888717;-0.093736995;0.109587296;0.453205805;0.69196797;0.054793648;0.151068602;0.138393594;6.87;3.9
May-88;262.16;dark green;0.0032;0.003176061;0.138341294;-0.096311617;0.059874672;0.383065154;0.69196797;0.029937336;0.127688385;0.138393594;7.09;3.9
Jun-88;273.5;dark green;0.0433;0.043256027;0.10692893;-0.100328947;0.090336469;0.425592911;0.69196797;0.045168235;0.141864304;0.138393594;7.51;4
Jul-88;272.02;dark green;-0.0054;-0.005411335;0.058155366;-0.146362895;0.152041335;0.42478525;0.69196797;0.076020667;0.141595083;0.138393594;7.75;4.1
Aug-88;261.52;dark green;-0.0386;-0.038600103;-0.023523262;-0.207034566;0.033961966;0.386417855;0.69196797;0.016980983;0.128805952;0.138393594;8.01;4
Sep-88;271.91;dark green;0.0397;0.039729275;0.05029163;-0.155112948;0.175471209;0.493354569;0.69196797;0.087735604;0.164451523;0.138393594;8.19;4.2
Oct-88;278.97;dark green;0.026;0.025964474;0.067500861;0.107947099;0.143413395;0.469655463;0.69196797;0.071706697;0.156551821;0.138393594;8.3;4.2
Nov-88;273.7;dark green;-0.0189;-0.01889092;0.04401892;0.188449848;0.098226467;0.353811149;0.69196797;0.049113233;0.11793705;0.138393594;8.35;4.2
Dec-88;277.72;dark green;0.0147;0.014687614;0.015429616;0.124008418;0.146797704;0.314464218;0.69196797;0.073398852;0.104821406;0.138393594;8.76;4.4
Jan-89;297.47;dark green;0.0711;0.071114792;0.093559297;0.157155639;0.085340047;0.404618;0.69196797;0.042670023;0.134872667;0.138393594;9.12;4.7
Feb-89;288.86;dark green;-0.0289;-0.028944095;0.104542674;0.078560227;0.016396904;0.272959633;0.69196797;0.008198452;0.090986544;0.138393594;9.36;4.8
Mar-89;294.87;dark green;0.0208;0.020805927;0.084439704;0.138977944;0.010867329;0.234282126;0.69196797;0.005433665;0.078094042;0.138393594;9.85;5
Apr-89;309.64;dark green;0.0501;0.05008987;0.109940137;0.184862052;0.073796643;0.31470788;0.69196797;0.036898322;0.104902627;0.138393594;9.84;5.1
May-89;320.52;dark green;0.0351;0.035137579;0.171063208;0.222612145;0.104860393;0.295815646;0.69196797;0.052430196;0.098605215;0.138393594;9.81;5.4
Jun-89;317.98;orange;-0.0079;-0.007924622;0.144966153;0.162632541;0.045986842;0.26766066;0.69196797;0.022993421;0.08922022;0.138393594;9.53;5.2
Jul-89;346.08;orange;0.0884;0.088370338;0.163411436;0.272259393;0.086047825;0.465695409;0.69196797;0.043023913;0.155231803;0.138393594;9.24;5
Aug-89;351.45;orange;0.0155;0.015516644;0.21667936;0.343874273;0.065645846;0.389514886;0.69196797;0.032822923;0.129838295;0.138393594;8.99;4.7
Sep-89;349.15;orange;-0.0065;-0.006544316;0.18408112;0.28406458;0.084889538;0.509380944;0.69196797;0.042444769;0.169793648;0.138393594;9.02;4.3
Oct-89;340.36;orange;-0.0252;-0.025175426;0.099211988;0.220059505;0.351761388;0.39503238;0.69196797;0.175880694;0.13167746;0.138393594;8.84;4.5
Nov-89;345.99;orange;0.0165;0.016541309;0.07946462;0.264121301;0.502344768;0.388291469;0.69196797;0.251172384;0.12943049;0.138393594;8.55;4.7
Dec-89;353.4;orange;0.0214;0.021416804;0.111390654;0.272504681;0.430305974;0.459305447;0.69196797;0.215152987;0.153101816;0.138393594;8.45;4.6
Jan-90;329.08;orange;-0.0688;-0.068817204;-0.04912159;0.106262816;0.280118256;0.200671337;0.69196797;0.140059128;0.066890446;0.138393594;8.23;5.2
Feb-90;331.89;orange;0.0085;0.008538957;-0.055655143;0.148964896;0.23922784;0.167804363;0.69196797;0.11961392;0.055934788;0.138393594;8.24;5.3
Mar-90;339.94;orange;0.0243;0.024255024;-0.026378347;0.152847017;0.313067326;0.165375386;0.69196797;0.156533663;0.055125129;0.138393594;8.28;5.2
Apr-90;330.8;orange;-0.0269;-0.026887098;-0.028087907;0.068337424;0.265832472;0.14717714;0.69196797;0.132916236;0.049059047;0.138393594;8.26;4.7
May-90;361.23;orange;0.092;0.091989117;0.044047516;0.127012355;0.377898993;0.245191313;0.69196797;0.188949496;0.081730438;0.138393594;8.18;4.4
Jun-90;358.02;orange;-0.0089;-0.008886305;0.013073005;0.125919869;0.309031079;0.177697368;0.69196797;0.154515539;0.059232456;0.138393594;8.29;4.7
Jul-90;356.15;orange;-0.0052;-0.005223172;0.082259633;0.029097319;0.30927873;0.117648905;0.69196797;0.154639365;0.039216302;0.138393594;8.15;4.8
Aug-90;322.56;orange;-0.0943;-0.094314193;-0.028111724;-0.082202305;0.233404711;-0.021952699;0.69196797;0.116702355;-0.007317566;0.138393594;8.13;5.6
Sep-90;306.05;red;-0.0512;-0.051184276;-0.099694064;-0.123442646;0.12555625;-0.049032098;0.69196797;0.062778125;-0.016344033;0.138393594;8.2;6.2
Oct-90;304;red;-0.0067;-0.006698252;-0.081015719;-0.106828064;0.089722909;0.207355336;0.69196797;0.044861455;0.069118445;0.138393594;8.11;6.3
Nov-90;322.22;red;0.0599;0.059934211;-0.107992138;-0.068701408;0.177274388;0.399131568;0.69196797;0.088637194;0.133043856;0.138393594;7.81;6.3
Dec-90;330.22;red;0.0248;0.024827757;-0.077649293;-0.065591398;0.18903932;0.336490206;0.69196797;0.09451966;0.112163402;0.138393594;7.31;6.1
Jan-91;343.93;red;0.0415;0.041517776;-0.034311386;0.045125805;0.156183817;0.337884623;0.914657908;0.078091908;0.112628208;0.182931582;6.91;5.7
Feb-91;367.07;red;0.0673;0.067281133;0.137989831;0.105998976;0.270753998;0.370584721;1.025996247;0.135376999;0.12352824;0.205199249;6.25;5.3
Mar-91;375.22;red;0.0222;0.02220285;0.226008822;0.103783021;0.272492963;0.449341419;1.076940108;0.136246482;0.149780473;0.215388022;6.12;4.9
Apr-91;375.34;light green;0.0003;0.000319812;0.234671053;0.134643289;0.212181889;0.43626832;1.08719346;0.106090944;0.145422773;0.217438692;5.91;4.9
May-91;389.83;light green;0.0386;0.038604998;0.209825585;0.079173934;0.216242356;0.486992676;1.056607755;0.108121178;0.162330892;0.211321551;5.78;5
Jun-91;371.16;light green;-0.0479;-0.047892671;0.123977954;0.03670186;0.167243223;0.357074954;0.934636435;0.083621611;0.119024985;0.186927287;5.9;4.7
Jul-91;387.81;light green;0.0449;0.04485936;0.127584101;0.088895128;0.120579057;0.42566723;1.031269642;0.060289528;0.141889077;0.206253928;5.82;4.4
Aug-91;395.43;light green;0.0196;0.019648797;0.077260468;0.225911458;0.125138711;0.512044968;1.096326141;0.062569356;0.170681656;0.219265228;5.66;3.8
Sep-91;387.86;light green;-0.0191;-0.019143717;0.033686904;0.267309263;0.110869254;0.426427862;1.130162566;0.055434627;0.142142621;0.226032513;5.45;3.4
Oct-91;392.45;light green;0.0118;0.011834167;0.045585336;0.290953947;0.153043836;0.406782091;1.067484986;0.076521918;0.13559403;0.213496997;5.21;2.9
Nov-91;375.22;light green;-0.0439;-0.043903682;-0.037477875;0.164483893;0.08448221;0.370917062;0.855962804;0.042241105;0.123639021;0.171192561;4.81;3
Dec-91;417.09;light green;0.1116;0.111587868;0.123747171;0.263067046;0.180220713;0.501836382;0.974110186;0.090110357;0.167278794;0.194822037;4.43;3.1
Jan-92;408.78;dark green;-0.0199;-0.019923757;0.054072871;0.188555811;0.242190349;0.374188994;0.930210596;0.121095174;0.124729665;0.186042119;4.03;2.6
Feb-92;412.7;dark green;0.0096;0.00958951;0.043673975;0.124308715;0.243484287;0.428719795;0.818702626;0.121742143;0.142906598;0.163740525;4.06;2.8
Mar-92;403.69;dark green;-0.0218;-0.021831839;0.040813696;0.075875486;0.187533094;0.369043985;0.689786522;0.093766547;0.123014662;0.137957304;3.98;3.2
Apr-92;414.95;dark green;0.0279;0.02789269;0.057332144;0.105530985;0.254383313;0.340104638;0.761846128;0.127191657;0.113368213;0.152369226;3.73;3.2
May-92;415.35;dark green;0.001;0.000963972;0.106950589;0.065464433;0.149821443;0.295862973;0.679199515;0.074910722;0.098620991;0.135839903;3.82;3
Jun-92;408.14;dark green;-0.0174;-0.017358854;-0.021458198;0.099633581;0.139992179;0.283539845;0.627092968;0.06999609;0.094513282;0.125418594;3.76;3.1
Jul-92;424.21;dark green;0.0394;0.039373744;0.037746465;0.093860396;0.191099256;0.22575705;0.796586481;0.095549628;0.07525235;0.159317296;3.25;3.2
Aug-92;414.03;dark green;-0.024;-0.023997548;0.00322268;0.047037402;0.283575149;0.178062313;0.63693512;0.141787574;0.059354104;0.127387024;3.3;3.1
Sep-92;417.8;dark green;0.0091;0.00910562;0.034952563;0.077192802;0.365136416;0.196620364;0.806155974;0.182568208;0.065540121;0.161231195;3.22;3
Oct-92;418.68;dark green;0.0021;0.002106271;0.008989035;0.06683654;0.377236842;0.230109296;0.716042299;0.188618421;0.076703099;0.14320846;3.1;3.2
Nov-92;431.35;dark green;0.0303;0.030261775;0.038521729;0.149592239;0.338681646;0.246712333;0.730800096;0.169340823;0.082237444;0.146160019;3.09;3
Dec-92;435.71;dark green;0.0101;0.010107801;0.06755035;0.044642643;0.319453698;0.232908885;0.799190651;0.159726849;0.077636295;0.15983813;2.92;2.9
Jan-93;438.78;dark green;0.007;0.007045971;0.034346196;0.073389109;0.275782863;0.333353592;0.60091944;0.137891431;0.111117864;0.120183888;3.02;3.3
Feb-93;443.38;dark green;0.0105;0.010483614;0.070888583;0.074339714;0.207889503;0.335924553;0.560098522;0.103944752;0.111974851;0.112019704;3.03;3.2
Mar-93;451.67;dark green;0.0187;0.01869728;0.081067496;0.118853576;0.203747135;0.328675649;0.548405896;0.101873568;0.10955855;0.109681179;3.07;3.1
Apr-93;440.19;dark green;-0.0254;-0.025416787;0.051375752;0.060826606;0.172776682;0.330683192;0.526529338;0.086388341;0.110227731;0.105305868;2.96;3.2
May-93;450.19;dark green;0.0227;0.022717463;0.043676829;0.083881064;0.154836724;0.24626969;0.551844192;0.077418362;0.082089897;0.110368838;3;3.2
Jun-93;450.53;dark green;0.0008;0.000755237;0.034013449;0.10386142;0.213843087;0.258393386;0.482006579;0.106921543;0.086131129;0.096401316;3.04;3
Jul-93;448.13;dark green;-0.0053;-0.005327059;0.021309084;0.056387167;0.155540084;0.258261968;0.406295111;0.077770042;0.086087323;0.081259022;3.06;2.8
Aug-93;463.56;dark green;0.0344;0.034431973;0.045514006;0.119629012;0.172293453;0.437127976;0.405579139;0.086146726;0.145709325;0.081115828;3.03;2.8
Sep-93;458.93;dark green;-0.01;-0.00998792;0.016073682;0.098444232;0.183236219;0.499526221;0.426001305;0.09161811;0.16650874;0.085200261;3.09;2.7
Oct-93;467.83;dark green;0.0194;0.019392936;0.062791067;0.117392758;0.192075424;0.538914474;0.858016601;0.096037712;0.179638158;0.17160332;2.99;2.8
Nov-93;461.79;dark green;-0.0129;-0.012910673;0.025766898;0.070569143;0.230717979;0.433151263;1.005167173;0.115358989;0.144383754;0.201033435;3.02;2.7
Dec-93;466.45;dark green;0.0101;0.010091167;0.03533616;0.070551514;0.118343763;0.412543153;0.887850089;0.059171881;0.137514384;0.177570018;2.96;2.7
Jan-94;481.61;dark green;0.0325;0.032500804;0.074710463;0.097611559;0.178164294;0.400314017;0.873458591;0.089082147;0.133438006;0.174691718;3.05;2.5
Feb-94;467.14;dark green;-0.03;-0.030045057;0.007722841;0.053588344;0.1319118;0.272618302;0.7442312;0.0659559;0.090872767;0.14884624;3.25;2.5
Mar-94;445.77;dark green;-0.0457;-0.045746457;-0.028675397;-0.013062634;0.104238401;0.188023026;0.721850979;0.0521192;0.062674342;0.144370196;3.34;2.5
Apr-94;450.91;dark green;0.0115;0.01153061;-0.036166984;0.02435312;0.086661043;0.201337454;0.725442927;0.043330522;0.067112485;0.145088585;3.56;2.4
May-94;456.5;dark green;0.0124;0.012397152;-0.011455423;0.014016304;0.099073071;0.171023267;0.741303021;0.049536535;0.057007756;0.148260604;4.01;2.3
Jun-94;444.27;dark green;-0.0268;-0.0267908;-0.047550649;-0.013894746;0.088523546;0.196977045;0.624387569;0.044261773;0.065659015;0.124877514;4.25;2.5
Jul-94;458.26;dark green;0.0315;0.03148986;-0.048483213;0.022605048;0.080266849;0.181661123;0.68465554;0.040133424;0.060553708;0.136931108;4.26;2.8
Aug-94;475.49;dark green;0.0376;0.037598743;0.017874727;0.025735611;0.14844335;0.202463141;0.818178342;0.074221675;0.067487714;0.163635668;4.47;2.9
Sep-94;462.71;dark green;-0.0269;-0.026877537;0.03800166;0.00823655;0.107491623;0.192982004;0.701702769;0.053745811;0.064327335;0.140340554;4.73;3
Oct-94;472.35;dark green;0.0208;0.020833784;0.047548291;0.009661629;0.128188593;0.203592814;0.693192816;0.064094296;0.067864271;0.138638563;4.76;2.6
Nov-94;453.69;dark green;-0.0395;-0.039504605;-0.006155531;-0.01754044;0.051790889;0.209130643;0.65761783;0.025895445;0.069710214;0.131523566;5.29;2.7
Dec-94;459.27;dark green;0.0123;0.012299147;0.033763252;-0.015392861;0.054072663;0.101129253;0.653715973;0.027036332;0.033709751;0.130743195;5.45;2.7
Jan-95;470.42;dark green;0.0243;0.024277658;0.026535155;-0.023234567;0.07210903;0.150790156;0.581403167;0.036054515;0.050263385;0.116280633;5.53;2.8
Feb-95;487.39;dark green;0.0361;0.036074147;0.025026814;0.043348889;0.099260228;0.180978919;0.68728796;0.049630114;0.060326306;0.137457592;5.92;2.9
Mar-95;500.71;dark green;0.0273;0.027329244;0.082124873;0.123247415;0.108574844;0.240332929;0.698070336;0.054287422;0.080110976;0.139614067;5.98;2.9
Apr-95;514.71;dark green;0.028;0.027960296;0.089679263;0.14149165;0.169290534;0.240414508;0.662285234;0.084645267;0.080138169;0.132457047;6.05;3.1
May-95;533.4;dark green;0.0363;0.03631171;0.175692654;0.168455641;0.18483307;0.284218129;0.664170723;0.092416535;0.094739376;0.132834145;6.01;3.2
Jun-95;544.75;dark green;0.0213;0.02127859;0.186121454;0.226168771;0.209131467;0.334713579;0.71315806;0.104565734;0.111571193;0.142631612;6;3
Jul-95;562.06;dark green;0.0318;0.031776044;0.194804643;0.226508969;0.254234262;0.324956979;0.624075358;0.127117131;0.108318993;0.124815072;5.85;2.8
Aug-95;561.88;dark green;-0.0003;-0.000320251;0.152834486;0.18168626;0.212097679;0.357099727;0.598748044;0.106048839;0.119033242;0.119749609;5.74;2.6
Sep-95;584.41;dark green;0.0401;0.04009753;0.167162629;0.263015712;0.273418604;0.39877932;0.673807819;0.136709302;0.13292644;0.134761564;5.8;2.5
Oct-95;581.5;dark green;-0.005;-0.004979381;0.12976239;0.231078649;0.242972875;0.388888889;0.708485133;0.121486437;0.12962963;0.141697027;5.76;2.8
Nov-95;605.37;dark green;0.041;0.041049011;0.134926884;0.3343252;0.310920548;0.403431088;0.749674846;0.155460274;0.134477029;0.149934969;5.8;2.6
Dec-95;615.93;dark green;0.0174;0.017443877;0.130665443;0.341106539;0.320463072;0.413623741;0.74286927;0.160231536;0.13787458;0.148573854;5.6;2.5
Jan-96;636.02;dark green;0.0326;0.032617343;0.131587375;0.352025849;0.320612114;0.449519121;0.932721527;0.160306057;0.149839707;0.186544305;5.56;2.7
Feb-96;640.43;orange;0.0069;0.006933744;0.139798533;0.313999056;0.370959455;0.444426902;0.929645364;0.185479728;0.148142301;0.185929073;5.22;2.7
Mar-96;645.5;orange;0.0079;0.007916556;0.104532777;0.289169379;0.448056172;0.429140744;0.898864506;0.224028086;0.143046915;0.179772901;5.31;2.8
Apr-96;654.17;dark green;0.0134;0.013431448;0.124969905;0.27094869;0.450777317;0.486108271;0.977539299;0.225388658;0.16203609;0.19550786;5.22;2.9
May-96;669.12;dark green;0.0229;0.022853387;0.105307498;0.254443195;0.465761227;0.486305782;0.852337846;0.232880613;0.162101927;0.170467569;5.24;2.9
Jun-96;670.63;dark green;0.0023;0.002256695;0.088808793;0.231078476;0.509509983;0.488535725;0.87316351;0.254754991;0.162845242;0.174632702;5.27;2.8
Jul-96;639.95;dark green;-0.0457;-0.045748028;0.006179051;0.138579511;0.396477982;0.428045433;0.796855258;0.198238991;0.142681811;0.159371052;5.4;3
Aug-96;651.99;dark green;0.0188;0.01881397;0.018050372;0.160372321;0.371196029;0.406484597;1.021298363;0.185598015;0.135494866;0.204259673;5.22;2.9
Sep-96;687.33;dark green;0.0542;0.054203285;0.064802479;0.176109238;0.485444447;0.497679385;1.245809508;0.242722223;0.165893128;0.249161902;5.3;3
Oct-96;705.27;dark green;0.0261;0.026101;0.078114252;0.212846088;0.493108923;0.507534788;1.319967105;0.246554462;0.169178263;0.263993421;5.24;3
Nov-96;757.02;dark green;0.0734;0.073376154;0.131366571;0.250507954;0.668584276;0.639316572;1.349388616;0.334292138;0.213105524;0.269877723;5.31;3.3
Dec-96;740.74;dark green;-0.0215;-0.021505376;0.104543489;0.202636663;0.612863893;0.588037303;1.243171219;0.306431946;0.196012434;0.248634244;5.29;3.3
Jan-97;786.16;dark green;0.0613;0.061317061;0.228470974;0.236061759;0.67118745;0.632358132;1.285813974;0.335593725;0.210786044;0.257162795;5.25;3
Feb-97;790.82;dark green;0.0059;0.005927547;0.212932714;0.234826601;0.622560988;0.692897204;1.154411965;0.311280494;0.230965735;0.230882393;5.19;3
Mar-97;757.12;dark green;-0.0426;-0.042613996;0.101537835;0.172920217;0.512092828;0.69845436;1.017802889;0.256046414;0.23281812;0.203560578;5.39;2.8
Apr-97;801.34;dark green;0.0584;0.058405537;0.136217335;0.224972102;0.556876688;0.77716174;1.13497096;0.278438344;0.259053913;0.226994192;5.51;2.5
May-97;848.28;dark green;0.0586;0.058576884;0.120551637;0.267754663;0.590326209;0.85822563;1.176025447;0.295163105;0.28607521;0.235205089;5.5;2.2
Jun-97;885.14;dark green;0.0435;0.043452634;0.194940195;0.319863412;0.624855438;0.992346996;1.38479362;0.312427719;0.330782332;0.276958724;5.56;2.3
Jul-97;954.31;dark green;0.0781;0.07814583;0.213887758;0.491225877;0.69787923;1.082464103;1.46076687;0.348939615;0.360821368;0.292153374;5.52;2.2
Aug-97;899.47;dark green;-0.0575;-0.057465603;0.137389039;0.379576374;0.60082224;0.891669646;1.274663025;0.30041112;0.297223215;0.254932605;5.54;2.2
Sep-97;947.28;dark green;0.0532;0.053153524;0.251162299;0.37820261;0.620916822;1.047243414;1.44232455;0.310458411;0.349081138;0.28846491;5.54;2.2
Oct-97;914.62;dark green;-0.0345;-0.034477662;0.141363217;0.296836672;0.572863285;0.936318408;1.330538922;0.286431642;0.312106136;0.266107784;5.5;2.1
Nov-97;955.4;dark green;0.0446;0.044586823;0.126279059;0.262053843;0.578208368;1.105843197;1.546239539;0.289104184;0.368614399;0.309247908;5.52;1.8
Dec-97;970.43;dark green;0.0157;0.015731631;0.096357638;0.31008181;0.575552417;1.112983648;1.326668105;0.287776208;0.370994549;0.265333621;5.5;1.7
Jan-98;980.28;dark green;0.0102;0.01015014;0.027213379;0.246921746;0.541272287;1.083839973;1.398062528;0.270636144;0.361279991;0.279612506;5.56;1.6
Feb-98;1049.34;dark green;0.0704;0.070449259;0.166620343;0.326901191;0.638492888;1.152978108;1.542621759;0.319246444;0.384326036;0.308524352;5.51;1.4
Mar-98;1101.75;dark green;0.0499;0.04994568;0.163066886;0.45518544;0.706816421;1.200375467;1.729198147;0.353408211;0.400125156;0.345839629;5.49;1.4
Apr-98;1111.75;dark green;0.0091;0.009076469;0.215532134;0.387363666;0.699481786;1.159954149;1.679238462;0.349740893;0.386651383;0.335847692;5.45;1.4
May-98;1090.82;dark green;-0.0188;-0.018826175;0.141741679;0.285919743;0.630230751;1.045031871;1.626267004;0.315115375;0.348343957;0.325253401;5.49;1.7
Jun-98;1133.84;dark green;0.0394;0.039438221;0.168389271;0.280972502;0.690708737;1.081395135;1.77806635;0.345354368;0.360465045;0.35561327;5.56;1.7
Jul-98;1120.67;dark green;-0.0116;-0.011615395;0.143214184;0.174324905;0.751183686;0.993861865;1.641781193;0.375591843;0.331287288;0.328356239;5.54;1.7
Aug-98;957.28;dark green;-0.1458;-0.145796711;-0.087731336;0.064271182;0.468243378;0.703708977;1.312102988;0.234121689;0.234569659;0.262420598;5.55;1.6
Sep-98;1017.01;orange;0.0624;0.062395537;-0.076914;0.073610759;0.479653151;0.74023374;1.434202968;0.239826575;0.24674458;0.286840594;5.51;1.5
Oct-98;1098.67;orange;0.0803;0.080294196;-0.011765235;0.201231112;0.557800559;0.889372313;1.624128212;0.278900279;0.296457438;0.324825642;5.07;1.5
Nov-98;1163.63;orange;0.0591;0.059126034;0.066747951;0.217950597;0.537119231;0.922179824;1.697646922;0.268559615;0.307393275;0.339529384;4.83;1.5
Dec-98;1229.23;orange;0.0564;0.056375308;0.084130036;0.266685902;0.659462159;0.995730034;1.821211356;0.32973108;0.331910011;0.364242271;4.68;1.6
Jan-99;1279.64;orange;0.041;0.041009412;0.141852642;0.305382136;0.627709372;1.01194931;1.916358995;0.313854686;0.337316437;0.383271799;4.63;1.7
Feb-99;1238.33;orange;-0.0323;-0.032282517;0.293592261;0.180103684;0.565880984;0.933591493;1.792931571;0.282940492;0.311197164;0.358586314;4.76;1.6
Mar-99;1286.37;orange;0.0388;0.038794182;0.26485482;0.167569775;0.699030537;0.992827266;1.848030642;0.349515268;0.330942422;0.369606128;4.81;1.7
Apr-99;1335.18;dark green;0.0379;0.037943982;0.215269371;0.200971441;0.666184142;1.04102909;2.033190213;0.333092071;0.347009697;0.406638043;4.74;2.3
May-99;1301.84;dark green;-0.025;-0.024970416;0.118774868;0.193450798;0.534681945;0.945600191;1.891756814;0.267340972;0.315200064;0.378351363;4.74;2.1
Jun-99;1372.71;dark green;0.0544;0.054438333;0.116723477;0.210673464;0.550839415;1.046896202;2.046878121;0.275419708;0.348965401;0.409375624;4.76;2
Jul-99;1328.72;dark green;-0.032;-0.032046099;0.038354537;0.185647871;0.392335824;1.07628721;1.965032468;0.196167912;0.358762403;0.393006494;4.99;2.1
Aug-99;1320.41;dark green;-0.0063;-0.006254139;0.066282816;0.3793352;0.467986703;1.025199773;1.848412288;0.233993352;0.341733258;0.369682458;5.07;2.3
Sep-99;1282.71;dark green;-0.0286;-0.028551738;-0.002845216;0.261256035;0.354098049;0.866221466;1.795001416;0.177049025;0.288740489;0.359000283;5.22;2.6
Oct-99;1362.93;dark green;0.0625;0.062539467;0.020783715;0.240527183;0.490159848;0.932493938;1.91330184;0.245079924;0.310831313;0.382660368;5.2;2.6
Nov-99;1388.91;dark green;0.0191;0.019061874;0.066882259;0.193601059;0.453747122;0.834707141;2.007665822;0.226873561;0.278235714;0.401533164;5.42;2.6
Dec-99;1469.25;dark green;0.0578;0.057843921;0.070328037;0.195260448;0.514019558;0.983489483;2.14985529;0.257009779;0.327829828;0.429971058;5.3;2.7
Jan-00;1394.46;dark green;-0.0509;-0.050903522;0.049476188;0.089728361;0.422511935;0.773761066;1.895413301;0.211255968;0.257920355;0.37908266;5.45;2.7
Feb-00;1366.42;dark green;-0.0201;-0.020108142;0.034845237;0.103437694;0.302170888;0.727852103;1.925075994;0.151085444;0.242617368;0.385015199;5.73;3.2
Mar-00;1498.58;dark green;0.0967;0.096719896;0.168292132;0.164968088;0.360181529;0.979316357;2.361778496;0.180090765;0.326438786;0.472355699;5.85;3.8
Apr-00;1452.43;dark green;-0.0308;-0.03079582;0.065667349;0.087815875;0.306435799;0.81250156;2.221108425;0.1532179;0.270833853;0.444221685;6.02;3.1
May-00;1420.6;dark green;-0.0219;-0.021914998;0.022816453;0.091224728;0.302323023;0.674682888;2.111938664;0.151161512;0.224894296;0.422387733;6.27;3.2
Jun-00;1454.6;dark green;0.0239;0.023933549;-0.009971074;0.059655718;0.282897058;0.643355853;2.274135098;0.141448529;0.214451951;0.45482702;6.53;3.7
Jul-00;1430.83;dark green;-0.0163;-0.016341262;0.026081781;0.076848395;0.276763008;0.499334598;2.122310479;0.138381504;0.166444866;0.424462096;6.54;3.7
Aug-00;1517.68;orange;0.0607;0.060699035;0.110698028;0.149400565;0.585408658;0.687304746;2.191823172;0.292704329;0.229101582;0.438364634;6.5;3.4
Sep-00;1436.51;orange;-0.0535;-0.053482948;-0.04141921;0.119902394;0.412483653;0.516457647;2.10455793;0.206241827;0.172152549;0.420911586;6.52;3.5
Oct-00;1429.4;orange;-0.0049;-0.004949496;-0.015856186;0.048769929;0.301027606;0.562834839;2.026145866;0.150513803;0.187611613;0.405229173;6.51;3.4
Nov-00;1314.95;orange;-0.0801;-0.08006856;-0.074369985;-0.053250391;0.130041336;0.37633452;1.898344685;0.065020668;0.12544484;0.379668937;6.51;3.4
Dec-00;1320.28;red;0.0041;0.004053386;-0.092341537;-0.101391867;0.07407076;0.360510289;1.874735994;0.03703538;0.120170096;0.374947199;6.4;3.4
Jan-01;1366.01;red;0.0346;0.034636592;-0.045302377;-0.020402163;0.067495546;0.393489615;1.903809362;0.033747773;0.131163205;0.380761872;5.98;3.7
Feb-01;1239.94;red;-0.0923;-0.092290686;-0.183003005;-0.092563048;0.001300138;0.181637982;1.544040707;0.000650069;0.060545994;0.308808141;5.49;3.5
Mar-01;1160.33;red;-0.0642;-0.06420472;-0.192257624;-0.225713676;-0.097981141;0.053169957;1.317369336;-0.04899057;0.017723319;0.263473867;5.31;2.9
Apr-01;1249.46;red;0.0768;0.076814355;-0.125884987;-0.139745117;-0.064201082;0.123867776;1.427502866;-0.032100541;0.041289259;0.285500573;4.8;3.3
May-01;1255.82;red;0.0051;0.005090199;-0.044967489;-0.115993242;-0.035349966;0.151262353;1.354368204;-0.017674983;0.050420784;0.270873641;4.21;3.6
Jun-01;1224.38;red;-0.025;-0.025035435;-0.072636107;-0.158270315;-0.108056327;0.079852537;1.247599816;-0.054028163;0.026617512;0.249519963;3.97;3.2
Jul-01;1211.23;red;-0.0107;-0.01074013;-0.113308102;-0.153477352;-0.088423445;0.080808802;1.154983454;-0.044211723;0.026936267;0.230996691;3.77;2.7
Aug-01;1133.58;red;-0.0641;-0.064108386;-0.085778344;-0.253083654;-0.14149393;0.184167642;1.017477041;-0.070746965;0.061389214;0.203495408;3.65;2.7
Sep-01;1040.94;red;-0.0817;-0.08172339;-0.102893142;-0.275368776;-0.188483757;0.023529759;0.78118102;-0.094241879;0.007843253;0.156236204;3.07;2.6
Oct-01;1059.78;red;0.0181;0.018099026;-0.151809582;-0.258584021;-0.222425216;-0.035397344;0.822493551;-0.111212608;-0.011799115;0.16449871;2.49;2.1
Nov-01;1139.45;red;0.0752;0.07517598;-0.092664554;-0.133465151;-0.17960847;-0.020779801;0.882237309;-0.089804235;-0.0069266;0.176447462;2.09;1.9
Dec-01;1148.08;light green;0.0076;0.007573829;-0.062317254;-0.130426879;-0.218594521;-0.066016937;0.863978049;-0.109297261;-0.022005646;0.17279561;1.82;1.6
Jan-02;1130.2;light green;-0.0156;-0.015573828;-0.066898937;-0.172626848;-0.189507049;-0.116782845;0.776988145;-0.094753525;-0.038927615;0.155397629;1.73;1.1
Feb-02;1106.73;light green;-0.0208;-0.020766236;-0.023686021;-0.107432618;-0.190051375;-0.106272157;0.728104555;-0.095025688;-0.035424052;0.145620911;1.74;1.1
Mar-02;1147.39;light green;0.0367;0.036738861;0.102263339;-0.011152;-0.234348517;-0.108040455;0.777521301;-0.117174258;-0.036013485;0.15550426;1.73;1.5
Apr-02;1076.92;light green;-0.0614;-0.061417652;0.016173168;-0.138091656;-0.258539138;-0.193427103;0.646238745;-0.129269569;-0.064475701;0.129247749;1.75;1.6
May-02;1067.14;light green;-0.0091;-0.009081455;-0.063460441;-0.150244462;-0.248810362;-0.180283291;0.594840985;-0.124405181;-0.06009443;0.118968197;1.75;1.2
Jun-02;989.82;dark green;-0.0725;-0.072455348;-0.137847537;-0.191574511;-0.319524268;-0.27893;0.475955445;-0.159762134;-0.092976667;0.095191089;1.75;1.1
Jul-02;911.62;dark green;-0.079;-0.079004263;-0.193399398;-0.247360122;-0.362873297;-0.313911133;0.42451754;-0.181436649;-0.104637044;0.084903508;1.73;1.5
Aug-02;916.07;dark green;0.0049;0.00488142;-0.172273274;-0.191878826;-0.396401086;-0.306223067;0.405036887;-0.198200543;-0.102074356;0.081007377;1.74;1.8
Sep-02;815.28;dark green;-0.11;-0.110024343;-0.289448226;-0.216784829;-0.432457832;-0.364408167;0.186155122;-0.216228916;-0.121469389;0.037231024;1.75;1.5
Oct-02;885.76;orange;0.0864;0.086448827;-0.177506221;-0.164203891;-0.38032741;-0.350106022;0.255916174;-0.190163705;-0.116702007;0.051183235;1.75;2
Nov-02;936.31;orange;0.0571;0.057069635;-0.122598722;-0.178278994;-0.287950112;-0.325867047;0.236836543;-0.143975056;-0.108622349;0.047367309;1.34;2.2
Dec-02;879.82;orange;-0.0603;-0.060332582;-0.111131317;-0.233659675;-0.333611052;-0.401177471;0.187758188;-0.166805526;-0.133725824;0.037551638;1.24;2.4
Jan-03;855.7;dark green;-0.0274;-0.027414698;-0.061341348;-0.242877367;-0.37357706;-0.386357443;0.088455276;-0.18678853;-0.128785814;0.017691055;1.24;2.6
Feb-03;841.15;dark green;-0.017;-0.017003623;-0.081784143;-0.239968195;-0.321620401;-0.384413284;0.063642801;-0.1608102;-0.128137761;0.01272856;1.26;3
Mar-03;848.18;orange;0.0084;0.008357606;0.040354234;-0.260774453;-0.269018297;-0.434010864;0.120271555;-0.134509148;-0.144670288;0.024054311;1.25;3
Apr-03;916.92;orange;0.081;0.081044118;0.035178829;-0.148571853;-0.266146975;-0.368699352;0.144233409;-0.133073488;-0.122899784;0.028846682;1.26;2.2
May-03;963.59;dark green;0.0509;0.050898661;0.02913565;-0.097035066;-0.232700546;-0.321702098;0.13593389;-0.116350273;-0.107234033;0.027186778;1.26;2.1
Jun-03;974.5;dark green;0.0113;0.011322243;0.107612921;-0.015477562;-0.204086966;-0.330056373;0.100955781;-0.102043483;-0.110018791;0.020191156;1.22;2.1
Jul-03;990.31;dark green;0.0162;0.016223704;0.157309805;0.086318861;-0.182393105;-0.307877246;0.037723591;-0.091196552;-0.102625749;0.007544718;1.01;2.1
Aug-03;1008.01;dark green;0.0179;0.017873191;0.198371277;0.100363509;-0.110772949;-0.335821781;0.120671062;-0.055386475;-0.111940594;0.024134212;1.03;2.2
Sep-03;995.97;dark green;-0.0119;-0.011944326;0.174243675;0.221629379;-0.043201337;-0.306673814;0.051399797;-0.021600669;-0.102224605;0.010279959;1.01;2.3
Oct-03;1050.71;dark green;0.055;0.054961495;0.145912402;0.186224259;-0.00855838;-0.264929341;0.148794035;-0.00427919;-0.08830978;0.029758807;1.01;2
Nov-03;1058.2;dark green;0.0071;0.007128513;0.098184913;0.130181243;-0.071306332;-0.195254572;0.107598911;-0.035653166;-0.065084857;0.021519782;1;1.8
Dec-03;1111.92;dark green;0.0508;0.050765451;0.141015906;0.26380396;-0.031496063;-0.157815009;0.145801346;-0.015748031;-0.052605003;0.029160269;0.98;1.9
Jan-04;1131.13;dark green;0.0173;0.017276423;0.142197898;0.321876826;0.000822863;-0.171946033;0.153884604;0.000411432;-0.057315344;0.030776921;1;1.9
Feb-04;1144.94;dark green;0.0122;0.01220903;0.135841906;0.361160316;0.034525133;-0.07661661;0.091104885;0.017262566;-0.02553887;0.018220977;1.01;1.7
Mar-04;1126.21;dark green;-0.0164;-0.016358936;0.130766991;0.327795987;-0.018459286;-0.029405428;0.022201044;-0.009229643;-0.009801809;0.004440209;1;1.7
Apr-04;1107.3;dark green;-0.0168;-0.016790829;0.053858819;0.207629891;0.028210081;-0.113777152;-0.004002698;0.01410504;-0.037925717;-0.00080054;1;2.3
May-04;1120.68;dark green;0.0121;0.012083446;0.059043659;0.163025768;0.050171486;-0.107610963;0.027373902;0.025085743;-0.035870321;0.00547478;1;3.1
Jun-04;1140.84;dark green;0.018;0.017989078;0.026009065;0.170692663;0.152573195;-0.068230451;0.006173711;0.076286598;-0.022743484;0.001234742;1.03;3.3
Jul-04;1101.72;dark green;-0.0343;-0.034290523;-0.026000548;0.112500126;0.20852987;-0.090412226;-0.016909527;0.104264935;-0.030137409;-0.003381905;1.26;3
Aug-04;1104.24;dark green;0.0023;0.002287333;-0.035547714;0.095465323;0.205410067;-0.025882602;0.153518302;0.102705033;-0.008627534;0.03070366;1.43;2.7
Sep-04;1114.58;dark green;0.0094;0.009363906;-0.010326671;0.119089932;0.367113139;0.070743751;0.095938093;0.18355657;0.02358125;0.019187619;1.61;2.5
Oct-04;1130.2;dark green;0.014;0.014014248;0.020680936;0.075653606;0.275966402;0.066447753;0.028698335;0.137983201;0.022149251;0.005739667;1.76;3.2
Nov-04;1173.82;dark green;0.0386;0.038594939;0.047417639;0.109261009;0.253665987;0.030163675;0.008757079;0.126832993;0.010054558;0.001751416;1.93;3.5
Dec-04;1211.92;dark green;0.0325;0.032458128;0.062304968;0.089934528;0.377463572;0.055605881;-0.014081986;0.188731786;0.018535294;-0.002816397;2.16;3.3
Jan-05;1181.27;dark green;-0.0253;-0.025290448;0.072205279;0.044327354;0.380472128;0.045186693;-0.076873183;0.190236064;0.015062231;-0.015374637;2.28;3
Feb-05;1203.6;dark green;0.0189;0.018903384;0.089980439;0.051234126;0.430898175;0.087528123;-0.028045836;0.215449088;0.029176041;-0.005609167;2.5;3
Mar-05;1180.59;dark green;-0.0191;-0.019117647;0.059224102;0.048285844;0.391909736;0.028935236;-0.082231395;0.195954868;0.009645079;-0.016446279;2.63;3.1
Apr-05;1156.85;dark green;-0.0201;-0.02010859;0.023579897;0.044748487;0.261669502;0.074220926;-0.133562516;0.130834751;0.024740309;-0.026712503;2.79;3.5
May-05;1191.5;dark green;0.03;0.029952025;0.015061935;0.063193775;0.236521757;0.116535787;-0.084756959;0.118260879;0.038845262;-0.016951392;3;2.8
Jun-05;1191.33;dark green;-0.0001;-0.000142677;-0.01698957;0.044256863;0.222503848;0.20358247;-0.132132788;0.111251924;0.067860823;-0.026426558;3.04;2.5
Jul-05;1234.18;dark green;0.036;0.035968204;0.044790776;0.120230186;0.246256223;0.35383164;-0.071151183;0.123128111;0.11794388;-0.014230237;3.26;3.2
Aug-05;1220.33;dark green;-0.0112;-0.011222026;0.013899967;0.105131131;0.210632831;0.33213619;-0.07579464;0.105316416;0.110712063;-0.015158928;3.5;3.6
Sep-05;1228.81;dark green;0.0069;0.00694894;0.040843985;0.102487035;0.233782142;0.507224512;-0.04202041;0.116891071;0.169074837;-0.008404082;3.62;4.7
Oct-05;1207.01;dark green;-0.0177;-0.017740741;0.043359122;0.067961423;0.148756555;0.362682894;-0.114400593;0.074378278;0.120894298;-0.022880119;3.78;4.3
Nov-05;1249.48;dark green;0.0352;0.035186121;0.048661351;0.06445622;0.180759781;0.334472557;-0.100388074;0.09037989;0.111490852;-0.020077615;4;3.5
Dec-05;1248.29;dark green;-0.001;-0.000952396;0.047812109;0.030010232;0.122643715;0.418801573;-0.150389655;0.061321858;0.139600524;-0.030077931;4.16;3.4
Jan-06;1280.08;dark green;0.0255;0.025466839;0.037190685;0.083647261;0.131682477;0.49594484;-0.082024583;0.065841238;0.165314947;-0.016404917;4.29;4
Feb-06;1280.66;dark green;0.0005;0.000453097;0.049437447;0.064024593;0.118538963;0.522510848;-0.062762547;0.059269481;0.174170283;-0.012552509;4.49;3.6
Mar-06;1294.87;dark green;0.0111;0.011095841;0.053759328;0.096799058;0.149758926;0.526645288;-0.135935352;0.074879463;0.175548429;-0.02718707;4.59;3.4
Apr-06;1310.61;dark green;0.0122;0.01215566;0.085831932;0.132912651;0.183608778;0.42936134;-0.09764326;0.091804389;0.143120447;-0.019528652;4.79;3.5
May-06;1270.09;orange;-0.0309;-0.030916901;0.016494862;0.065958875;0.133320841;0.318081342;-0.105948191;0.06666042;0.106027114;-0.021189638;4.94;4.2
Jun-06;1270.2;orange;0.0001;8.66E-05;0.017552011;0.066203319;0.113390134;0.30343766;-0.126770246;0.056695067;0.101145887;-0.025354049;4.99;4.3
Jul-06;1276.66;orange;0.0051;0.005085813;-0.002671708;0.034419615;0.158788077;0.289151882;-0.107748649;0.079394038;0.096383961;-0.02154973;5.24;4.1
Aug-06;1303.82;orange;0.0213;0.021274263;0.018084425;0.06841592;0.180739694;0.29345939;-0.140912445;0.090369847;0.097819797;-0.028182489;5.25;3.8
Sep-06;1335.85;orange;0.0246;0.024566274;0.031647965;0.087108666;0.198523211;0.341255259;-0.070072607;0.099261605;0.113751753;-0.014014521;5.25;2.1
Oct-06;1377.94;orange;0.0315;0.031508029;0.051373025;0.141614403;0.219200142;0.311437028;-0.036001119;0.109600071;0.103812343;-0.007200224;5.25;1.3
Nov-06;1400.63;orange;0.0165;0.01646661;0.102780118;0.120970324;0.193223833;0.323596674;0.065158371;0.096611917;0.107865558;0.013031674;5.25;2
Dec-06;1418.3;orange;0.0126;0.012615751;0.116595812;0.136194314;0.170291768;0.275541406;0.074241827;0.085145884;0.091847135;0.014848365;5.24;2.5
Jan-07;1438.24;orange;0.0141;0.014059085;0.12656463;0.123554778;0.217537058;0.271507254;0.052876626;0.108768529;0.090502418;0.010575325;5.25;2.1
Feb-07;1406.82;orange;-0.0218;-0.021846145;0.078998635;0.098511705;0.16884347;0.228728143;0.134587157;0.084421735;0.076242714;0.026917431;5.26;2.4
Mar-07;1420.86;orange;0.01;0.009979955;0.063637384;0.097299343;0.203516886;0.261629714;0.224530952;0.101758443;0.087209905;0.04490619;5.26;2.8
Apr-07;1482.37;orange;0.0433;0.043290683;0.075787044;0.131053479;0.281384795;0.338724826;0.186408528;0.140692397;0.112908275;0.037281706;5.25;2.6
May-07;1530.62;orange;0.0325;0.032549229;0.092808236;0.205127196;0.28461603;0.365795767;0.218821169;0.142308015;0.121931922;0.043764234;5.25;2.7
Jun-07;1503.35;orange;-0.0178;-0.01781631;0.059966157;0.183553771;0.261908959;0.317757091;0.22784593;0.130954479;0.10591903;0.045569186;5.25;2.7
Jul-07;1455.27;orange;-0.032;-0.031981907;0.011840861;0.139904125;0.179139186;0.320907309;0.201481139;0.089569593;0.106969103;0.040296228;5.26;2.4
Aug-07;1473.99;orange;0.0129;0.012863592;0.04774598;0.130516482;0.207861808;0.334845686;0.300296406;0.103930904;0.111615229;0.060059281;5.02;2
Sep-07;1526.75;orange;0.0358;0.035794001;0.074525288;0.142905266;0.24246222;0.369798489;0.466703172;0.12123111;0.123266163;0.093340634;4.94;2.8
Oct-07;1549.38;orange;0.0148;0.014822335;0.045204639;0.124417609;0.283651337;0.370890108;0.461982676;0.141825668;0.123630036;0.092396535;4.76;3.5
Nov-07;1481.14;red;-0.044;-0.044043424;-0.03232677;0.057481276;0.185405129;0.261811862;0.299872746;0.092702564;0.087270621;0.059974549;4.49;4.3
Dec-07;1468.36;red;-0.0086;-0.008628489;-0.023274687;0.035295777;0.176297175;0.211598125;0.278970107;0.088148587;0.070532708;0.055794021;4.24;4.1
Jan-08;1378.55;red;-0.0612;-0.061163475;-0.052718739;-0.041502114;0.07692488;0.167006696;0.219739869;0.03846244;0.055668899;0.043947974;3.94;4.3
Feb-08;1330.63;red;-0.0348;-0.034761162;-0.097259819;-0.054157604;0.039018943;0.105541708;0.202307699;0.019509472;0.035180569;0.04046154;2.98;4
Mar-08;1322.7;red;-0.006;-0.005959583;-0.13364991;-0.06908492;0.021492505;0.120372017;0.152790246;0.010746253;0.040124006;0.030558049;2.61;4
Apr-08;1385.59;red;0.0475;0.047546685;-0.105713253;-0.065287344;0.057210001;0.197726585;0.286622962;0.028605001;0.065908862;0.057324592;2.28;3.9
May-08;1400.38;red;0.0107;0.010674153;-0.054525568;-0.085089702;0.102583281;0.175308435;0.312273928;0.051291641;0.058436145;0.062454786;1.98;4.2
Jun-08;1280;red;-0.086;-0.085962382;-0.128279169;-0.148568198;0.00771532;0.074429419;0.293164414;0.00385766;0.024809806;0.058632883;2;5
Jul-08;1267.38;red;-0.0099;-0.009859375;-0.080642704;-0.129110062;-0.007268967;0.026900452;0.390250324;-0.003634484;0.008966817;0.078050065;2.01;5.6
Aug-08;1282.83;red;0.0122;0.012190503;-0.035922834;-0.129688804;-0.016098848;0.051215655;0.400362418;-0.008049424;0.017071885;0.080072484;2;5.4
Sep-08;1166.36;red;-0.0908;-0.090791453;-0.118197626;-0.236050434;-0.126878018;-0.050821527;0.430625061;-0.063439009;-0.016940509;0.086125012;1.81;4.9
Oct-08;968.75;red;-0.1694;-0.169424534;-0.300839354;-0.3747499;-0.296957778;-0.197396873;0.093693551;-0.148478889;-0.065798958;0.01873871;0.97;3.7
Nov-08;896.24;red;-0.0748;-0.074849032;-0.360002285;-0.394898524;-0.360116519;-0.282709607;-0.042795655;-0.180058259;-0.094236536;-0.008559131;0.39;1.1
Dec-08;903.25;red;0.0078;0.007821566;-0.294335938;-0.384857937;-0.36314602;-0.276410129;0.026630447;-0.18157301;-0.09213671;0.005326089;0.16;0.1
Jan-09;825.88;red;-0.0857;-0.085657348;-0.348356452;-0.40090675;-0.425770386;-0.354821574;-0.034848662;-0.212885193;-0.118273858;-0.006969732;0.15;0
Feb-09;735.09;red;-0.1099;-0.109931225;-0.426977854;-0.447562433;-0.477481128;-0.426006903;-0.126089283;-0.238740564;-0.142002301;-0.025217857;0.22;0.2
Mar-09;797.87;red;0.0854;0.085404508;-0.315931616;-0.396786875;-0.438459806;-0.383822314;-0.05931524;-0.219229903;-0.127940771;-0.011863048;0.18;-0.4
Apr-09;872.81;red;0.0939;0.093925076;-0.099034839;-0.370080615;-0.411206379;-0.334042927;-0.048106705;-0.205603189;-0.111347642;-0.009621341;0.15;-0.7
May-09;919.14;red;0.0531;0.053081427;0.025551192;-0.343649581;-0.399498243;-0.276319001;-0.046129578;-0.199749121;-0.092106334;-0.009225916;0.18;-1.3
Jun-09;919.32;light green;0.0002;0.000195835;0.017791309;-0.28178125;-0.388485715;-0.276239962;-0.05662391;-0.194242858;-0.092079987;-0.011324782;0.21;-1.4
Jul-09;987.48;light green;0.0741;0.074141757;0.195670073;-0.220849311;-0.321445505;-0.226512932;-0.002857691;-0.160722752;-0.075504311;-0.000571538;0.16;-2.1
Aug-09;1020.62;light green;0.0336;0.033560173;0.388428628;-0.204399648;-0.307580106;-0.217207897;0.012509797;-0.153790053;-0.072402632;0.002501959;0.16;-1.5
Sep-09;1057.08;light green;0.0357;0.035723384;0.324877486;-0.093693199;-0.307627313;-0.20868361;0.06135727;-0.153813656;-0.069561203;0.012271454;0.15;-1.3
Oct-09;1036.19;light green;-0.0198;-0.019761986;0.187188506;0.069615484;-0.331222812;-0.248015153;-0.013819227;-0.165611406;-0.082671718;-0.002763845;0.12;-0.2
Nov-09;1095.63;light green;0.0574;0.057363997;0.19201645;0.222473891;-0.260279244;-0.217759151;0.035371385;-0.130139622;-0.072586384;0.007074277;0.12;1.8
Dec-09;1115.1;light green;0.0178;0.017770598;0.212961754;0.234541932;-0.240581329;-0.213777057;0.002859918;-0.120290664;-0.071259019;0.000571984;0.12;2.7
Jan-10;1073.87;light green;-0.037;-0.036974262;0.087485316;0.300273648;-0.221014834;-0.253344365;-0.050621944;-0.110507417;-0.084448122;-0.010124389;0.11;2.6
Feb-10;1104.49;light green;0.0285;0.028513693;0.08217554;0.502523501;-0.169949573;-0.214903115;-0.035329362;-0.084974786;-0.071634372;-0.007065872;0.13;2.1
Mar-10;1169.43;light green;0.0588;0.058796368;0.106283347;0.465689899;-0.115876616;-0.17695621;0.038376502;-0.057938308;-0.058985403;0.0076753;0.16;2.3
Apr-10;1186.69;dark green;0.0148;0.014759327;0.145243633;0.359620078;-0.143548957;-0.199464371;0.07169692;-0.071774479;-0.066488124;0.014339384;0.2;2.2
May-10;1089.41;dark green;-0.082;-0.081975916;-0.005677099;0.185249255;-0.222061155;-0.28825574;-0.027902702;-0.111030577;-0.096085247;-0.00558054;0.2;2
Jun-10;1030.71;dark green;-0.0539;-0.053882377;-0.075679311;0.121165644;-0.194757813;-0.314391193;-0.096534133;-0.097378906;-0.104797064;-0.019306827;0.18;1.1
Jul-10;1101.6;dark green;0.0688;0.068777833;0.025822492;0.115566898;-0.130805283;-0.243027067;-0.000108921;-0.065402642;-0.081009022;-2.18E-05;0.18;1.2
Aug-10;1049.33;dark green;-0.0474;-0.047449165;-0.049941602;0.02812996;-0.182019441;-0.288102362;-0.049726509;-0.091009721;-0.096034121;-0.009945302;0.19;1.1
Sep-10;1141.2;dark green;0.0876;0.087551104;-0.024139966;0.079577705;-0.021571384;-0.252529884;0.023883436;-0.010785692;-0.084176628;0.004776687;0.19;1.1
Oct-10;1183.26;dark green;0.0369;0.036855941;-0.002890393;0.141933429;0.221429677;-0.236300972;0.046947443;0.110714839;-0.078766991;0.009389489;0.19;1.2
Nov-10;1180.55;dark green;-0.0023;-0.002290283;0.083659963;0.077507918;0.317225297;-0.202945029;0.005733417;0.158612648;-0.067648343;0.001146683;0.19;1.1
Dec-10;1257.64;dark green;0.0653;0.065300072;0.220168622;0.127827101;0.392349848;-0.143507042;0.037725262;0.196174924;-0.047835681;0.007545052;0.18;1.5
Jan-11;1286.12;dark green;0.0226;0.02264559;0.167501816;0.197649622;0.557272243;-0.067048711;0.088760402;0.278636121;-0.02234957;0.01775208;0.17;1.6
Feb-11;1327.22;dark green;0.032;0.031956583;0.264826127;0.201658684;0.805520412;-0.002562696;0.102708541;0.402760206;-0.000854232;0.020541708;0.16;2.1
Mar-11;1325.83;dark green;-0.001;-0.001047302;0.161785839;0.133740369;0.661711808;0.002366372;0.123023234;0.330855904;0.000788791;0.024604647;0.14;2.7
Apr-11;1363.61;dark green;0.0285;0.028495358;0.152417896;0.149086956;0.562321697;-0.015863278;0.178726715;0.281160848;-0.005287759;0.035745343;0.1;3.2
May-11;1345.2;dark green;-0.0135;-0.013500928;0.139468892;0.234796817;0.463542007;-0.03940359;0.128997063;0.231771003;-0.01313453;0.025799413;0.09;3.6
Jun-11;1320.64;dark green;-0.0183;-0.018257508;0.050093827;0.281291537;0.436540051;0.03175;0.108542553;0.218270026;0.010583333;0.021708511;0.09;3.6
Jul-11;1292.28;dark green;-0.0215;-0.021474437;0.0047896;0.173093682;0.308664479;0.01964683;0.047075791;0.15433224;0.006548943;0.009415158;0.07;3.6
Aug-11;1218.89;dark green;-0.0568;-0.056791098;-0.081621736;0.161588823;0.194264271;-0.049842925;-0.001180009;0.097132135;-0.016614308;-0.000236002;0.1;3.8
Sep-11;1131.42;orange;-0.0718;-0.071762013;-0.146632675;-0.008569926;0.070325803;-0.029956446;-0.07925554;0.035162902;-0.009985482;-0.015851108;0.08;3.9
Oct-11;1253.3;orange;0.1077;0.107723038;-0.080895564;0.059192401;0.20952721;0.293729032;0.038350966;0.104763605;0.097909677;0.007670193;0.07;3.5
Nov-11;1246.96;orange;-0.0051;-0.005058645;-0.073030033;0.056253441;0.138121446;0.391323753;-0.002016839;0.069060723;0.130441251;-0.000403368;0.08;3.4
Dec-11;1257.6;dark green;0.0085;0.008532752;-0.047734432;-3.18E-05;0.127791229;0.392305563;0.007458203;0.063895615;0.130768521;0.001491641;0.07;3
Jan-12;1312.41;dark green;0.0436;0.043583015;0.01557712;0.020441327;0.22213117;0.589104955;0.025256234;0.111065585;0.196368318;0.005051247;0.08;2.9
Feb-12;1365.68;dark green;0.0406;0.04058945;0.120429243;0.028977864;0.236480185;0.857840537;0.066387644;0.118240093;0.285946846;0.013277529;0.1;2.9
Mar-12;1408.47;dark green;0.0313;0.031332377;0.244869279;0.062330766;0.204407275;0.765287578;0.087730815;0.102203638;0.255095859;0.017546163;0.13;2.7
Apr-12;1397.91;dark green;-0.0075;-0.007497497;0.115383388;0.02515382;0.177990882;0.601620055;0.066610204;0.088995441;0.200540018;0.013322041;0.14;2.3
May-12;1310.33;dark green;-0.0627;-0.062650671;0.050819593;-0.025921796;0.202788665;0.425604369;0.031682794;0.101394333;0.141868123;0.006336559;0.16;1.7
Jun-12;1362.16;dark green;0.0396;0.039554921;0.083142494;0.031439302;0.321574449;0.481703868;0.072398048;0.160787224;0.160567956;0.01447961;0.16;1.7
Jul-12;1379.32;dark green;0.0126;0.012597639;0.050982544;0.067353824;0.252106028;0.396808037;0.080412953;0.126053014;0.132269346;0.016082591;0.16;1.4
Aug-12;1406.58;dark green;0.0198;0.019763362;0.029948451;0.153984363;0.340455338;0.378162294;0.07881456;0.170227669;0.126054098;0.015762912;0.13;1.7
Sep-12;1440.67;dark green;0.0242;0.02423609;0.022861687;0.273329091;0.262416754;0.362876982;0.078466894;0.131208377;0.120958994;0.015693379;0.14;2
Oct-12;1412.16;dark green;-0.0198;-0.019789404;0.010193789;0.126753371;0.193448608;0.362838862;0.024834173;0.096724304;0.120946287;0.004966835;0.16;2.2
Nov-12;1416.18;dark green;0.0028;0.002846703;0.080781177;0.135706037;0.19959341;0.292571397;0.011102147;0.099796705;0.097523799;0.002220429;0.16;1.8
Dec-12;1426.19;dark green;0.0071;0.007068311;0.047006225;0.134056934;0.134020864;0.278979464;0.005562998;0.067010432;0.092993155;0.0011126;0.16;1.7
Jan-13;1498.11;dark green;0.0504;0.050428064;0.086122147;0.141495417;0.164829098;0.39505713;0.041627267;0.082414549;0.13168571;0.008325453;0.14;1.6
Feb-13;1514.68;dark green;0.0111;0.011060603;0.076853076;0.109103157;0.141242597;0.371384078;0.076669368;0.070621299;0.123794693;0.015333874;0.15;2
Mar-13;1569.19;dark green;0.036;0.035987799;0.089208493;0.114109637;0.183552944;0.341841752;0.104394522;0.091776472;0.113947251;0.020878904;0.14;1.5
Apr-13;1597.57;dark green;0.0181;0.018085764;0.131295321;0.142827507;0.171573984;0.346240383;0.077713391;0.085786992;0.115413461;0.015542678;0.15;1.1
May-13;1630.74;dark green;0.0208;0.020762783;0.151506164;0.244526188;0.212265834;0.496901993;0.065411402;0.106132917;0.165633998;0.01308228;0.11;1.4
Jun-13;1606.28;dark green;-0.015;-0.014999325;0.126273498;0.179215364;0.216289072;0.558420894;0.06846709;0.108144536;0.186140298;0.013693418;0.09;1.8
Jul-13;1685.73;dark green;0.0495;0.049462111;0.1252378;0.222145695;0.304461881;0.530255991;0.158362366;0.152230941;0.176751997;0.031672473;0.09;2
Aug-13;1632.97;dark green;-0.0313;-0.031298013;0.078095703;0.160950675;0.339718925;0.556202529;0.107856905;0.169859462;0.185400843;0.021571381;0.08;1.5
Sep-13;1681.55;dark green;0.0297;0.029749475;0.071603821;0.167199983;0.486229694;0.473492815;0.101391845;0.243114847;0.157830938;0.020278369;0.08;1.2
Oct-13;1756.54;dark green;0.0446;0.04459576;0.099507377;0.24386755;0.401531956;0.484491997;0.133705095;0.200765978;0.161497332;0.026741019;0.09;1
Nov-13;1805.81;dark green;0.028;0.028049461;0.10735617;0.275127456;0.448169949;0.529634492;0.219202776;0.224084975;0.176544831;0.043840555;0.08;1.2
Dec-13;1848.36;dark green;0.0236;0.023562833;0.150708469;0.296012453;0.469751908;0.469705162;0.258792122;0.234875954;0.156568387;0.051758424;0.09;1.5
Jan-14;1782.59;dark green;-0.0356;-0.035582895;0.057458786;0.189892598;0.358256947;0.386021522;0.293090566;0.179128474;0.128673841;0.058618113;0.07;1.6
Feb-14;1859.45;dark green;0.0431;0.043117038;0.138692076;0.227619035;0.361556148;0.401011136;0.397420771;0.180778074;0.133670379;0.079484154;0.07;1.1
Mar-14;1872.34;dark green;0.0069;0.006932157;0.113460795;0.193188843;0.329343188;0.412202168;0.415543963;0.164671594;0.137400723;0.083108793;0.08;1.5
Apr-14;1883.95;dark green;0.0062;0.006200797;0.072534642;0.179259751;0.347690481;0.381590044;0.359673496;0.17384524;0.127196681;0.071934699;0.09;2
May-14;1923.57;dark green;0.021;0.021030282;0.065211733;0.179568785;0.468004243;0.429950937;0.373605736;0.234002122;0.143316979;0.074721147;0.09;2.1
Jun-14;1960.23;dark green;0.0191;0.019058313;0.060523924;0.220353861;0.439060022;0.484303065;0.531429688;0.219530011;0.161434355;0.106285938;0.1;2.1
Jul-14;1930.67;dark green;-0.0151;-0.015079863;0.08307014;0.145302035;0.399725952;0.494002848;0.523355268;0.199862976;0.164667616;0.104671054;0.09;2
Aug-14;2003.37;dark green;0.0377;0.037655322;0.077399231;0.226825967;0.424284435;0.643601966;0.561680036;0.212142217;0.214533989;0.112336007;0.09;1.7
Sep-14;1972.29;dark green;-0.0155;-0.015513859;0.053382398;0.172900003;0.369008864;0.743198812;0.690978772;0.184504432;0.247732937;0.138195754;0.09;1.7
Oct-14;2018.05;dark green;0.0232;0.023201456;0.071180233;0.148877908;0.429051949;0.610189101;1.083148387;0.214525974;0.203396367;0.216629677;0.09;1.7
Nov-14;2067.56;dark green;0.0245;0.024533584;0.074855607;0.144948804;0.459955655;0.658080452;1.306926716;0.229977828;0.219360151;0.261385343;0.09;1.3
Dec-14;2058.9;dark green;-0.0042;-0.004188512;0.05033593;0.113906382;0.443636542;0.637166031;1.279435372;0.221818271;0.212388677;0.255887074;0.12;0.8
Jan-15;1994.99;dark green;-0.031;-0.031040847;0.03331486;0.119152469;0.331671239;0.520096616;1.415593064;0.16583562;0.173365539;0.283118613;0.11;-0.1
Feb-15;2104.5;dark green;0.0549;0.054892506;0.050479941;0.131786281;0.389402382;0.540990569;1.862914745;0.194701191;0.18033019;0.372582949;0.11;0
Mar-15;2067.89;dark green;-0.0174;-0.017396056;0.048471574;0.104441501;0.317807276;0.468181786;1.591763069;0.158903638;0.156060595;0.318352614;0.11;-0.1
Apr-15;2085.51;dark green;0.0085;0.008520763;0.03342831;0.106987977;0.305426366;0.491877159;1.389420378;0.152713183;0.163959053;0.277884076;0.12;-0.2
May-15;2107.39;dark green;0.0105;0.010491439;0.019264254;0.095561898;0.292290617;0.608289515;1.292784559;0.146145308;0.202763172;0.258556912;0.12;0
Jun-15;2063.11;dark green;-0.021;-0.021011773;0.002044781;0.052483637;0.28440247;0.514587126;1.244169604;0.142201235;0.171529042;0.248833921;0.13;0.1
Jul-15;2103.84;dark green;0.0197;0.01974204;0.054561677;0.089694251;0.248029044;0.525273323;1.130514036;0.124014522;0.175091108;0.226102807;0.13;0.2
Aug-15;1972.18;dark green;-0.0626;-0.062580805;-0.062874792;-0.015568767;0.2077258;0.402110083;0.932335247;0.1038629;0.134036694;0.186467049;0.14;0.2
Sep-15;1920.03;dark green;-0.0264;-0.02644282;-0.071502836;-0.026497118;0.141821534;0.332734075;0.816352594;0.070910767;0.110911358;0.163270519;0.14;0
Oct-15;2079.36;dark green;0.083;0.082983078;-0.002948919;0.030380813;0.183781753;0.472467709;1.006736216;0.091890876;0.157489236;0.201347243;0.12;0.2
Nov-15;2080.41;dark green;0.0005;0.000504963;-0.012802566;0.006215055;0.152064724;0.469029361;0.898825333;0.076032362;0.15634312;0.179765067;0.12;0.5
Dec-15;2043.94;dark green;-0.0175;-0.017530198;-0.009291797;-0.007266016;0.10581272;0.433147056;0.832965653;0.05290636;0.144382352;0.166593131;0.24;0.7
Jan-16;1940.24;orange;-0.0507;-0.050735344;-0.077762567;-0.027443747;0.088438732;0.295125191;0.806773632;0.044219366;0.098375064;0.161354726;0.34;1.4
Feb-16;1932.23;orange;-0.0041;-0.004128355;-0.020256772;-0.081857923;0.039140606;0.275668788;0.749431864;0.019570303;0.091889596;0.149886373;0.38;1
Mar-16;2059.74;orange;0.066;0.065991109;0.072764488;-0.003941215;0.100088659;0.312613514;0.761319617;0.05004433;0.104204505;0.152263923;0.36;0.9
Apr-16;2065.3;orange;0.0027;0.00269937;-0.006761696;-0.009690675;0.096260516;0.292775903;0.740387127;0.048130258;0.097591968;0.148077425;0.37;1.1
May-16;2096.95;orange;0.0153;0.01532465;0.007950356;-0.004953995;0.09013449;0.285888615;0.92484923;0.045067245;0.095296205;0.184969846;0.37;1
Jun-16;2098.86;orange;0.0009;0.000910847;0.026869673;0.017328208;0.070721293;0.306658864;1.036324475;0.035360646;0.102219621;0.207264895;0.38;1
Jul-16;2173.6;dark green;0.0356;0.035609807;0.120273781;0.033158415;0.125826786;0.289411709;0.973129993;0.062913393;0.09647057;0.194625999;0.39;0.8
Aug-16;2170.95;dark green;-0.0012;-0.001219176;0.123546369;0.100786946;0.083649051;0.329448796;1.068891578;0.041824526;0.109816265;0.213778316;0.4;1.1
Sep-16;2168.27;dark green;-0.0012;-0.001234483;0.052691116;0.129289647;0.099366726;0.289447236;0.899991237;0.049683363;0.096482412;0.179998247;0.4;1.5
Oct-16;2126.15;dark green;-0.0194;-0.019425625;0.029463032;0.022502116;0.053566562;0.210419347;0.796857833;0.026783281;0.070139782;0.159371567;0.4;1.6
Nov-16;2198.81;dark green;0.0342;0.034174447;0.048575312;0.056911859;0.063480625;0.217630869;0.862530177;0.031740312;0.072543623;0.172506035;0.41;1.7
Dec-16;2238.83;dark green;0.0182;0.018200754;0.066688583;0.095350157;0.087391325;0.211252137;0.780183518;0.043695663;0.070417379;0.156036704;0.54;2.1
Jan-17;2278.87;dark green;0.0179;0.017884341;0.048431174;0.174529955;0.142296453;0.278403895;0.771895313;0.071148226;0.092801298;0.154379063;0.65;2.5
Feb-17;2363.64;dark green;0.0372;0.037198261;0.088758378;0.223270522;0.123136137;0.271150071;0.780895405;0.061568068;0.090383357;0.156179081;0.66;2.7
Mar-17;2362.72;dark green;-0.0004;-0.00038923;0.089679791;0.147096235;0.142575282;0.26190756;0.782068591;0.071287641;0.08730252;0.156413718;0.79;2.4
Apr-17;2384.2;dark green;0.0091;0.009091217;0.121369612;0.15440856;0.143221562;0.265532525;0.748447137;0.071610781;0.088510842;0.149689427;0.9;2.2
May-17;2411.8;dark green;0.0116;0.01157621;0.096866032;0.150146642;0.144448821;0.253814522;0.79289325;0.07222441;0.084604841;0.15857865;0.91;1.9
Jun-17;2423.41;dark green;0.0048;0.004813832;0.082444848;0.154631562;0.174639258;0.236288599;0.835026957;0.087319629;0.078762866;0.167005391;1.04;1.6
Jul-17;2470.3;dark green;0.0193;0.019348769;0.084002159;0.136501656;0.17418625;0.279504006;0.911582629;0.087093125;0.093168002;0.182316526;1.15;1.7
Aug-17;2471.65;dark green;0.0005;0.000546492;0.045696468;0.13851079;0.253257816;0.233746138;1.027787577;0.126628908;0.077915379;0.205557515;1.16;1.9
Sep-17;2519.36;dark green;0.0193;0.019302895;0.066296472;0.161921716;0.312146164;0.277378073;1.22672394;0.156073082;0.092459358;0.245344788;1.15;2.2
Oct-17;2575.26;dark green;0.0222;0.022188175;0.080135895;0.211231569;0.238486842;0.276113079;1.054783372;0.119243421;0.092037693;0.210956674;1.15;2
Nov-17;2647.58;dark green;0.0281;0.028082601;0.097761008;0.204096761;0.272624146;0.280533576;1.12322769;0.136312073;0.093511192;0.224645538;1.16;2.2
Dec-17;2673.61;dark green;0.0098;0.00983162;0.103242951;0.194199649;0.308066773;0.298562339;1.12596215;0.154033386;0.09952078;0.22519243;1.3;2.1
Jan-18;2823.81;dark green;0.0562;0.056178725;0.143104076;0.239127287;0.455392116;0.415450704;1.151621825;0.227696058;0.138483568;0.230324365;1.41;2.1
Feb-18;2713.83;dark green;-0.0389;-0.03894738;0.097983129;0.14815708;0.40450671;0.289536707;0.987163904;0.202253355;0.096512236;0.197432781;1.42;2.2
Mar-18;2640.87;dark green;-0.0269;-0.026884514;0.048230503;0.117724487;0.282137551;0.277084371;0.874992013;0.141068776;0.092361457;0.174998403;1.51;2.4
Apr-18;2648.05;dark green;0.0027;0.002718801;0.028265107;0.110666052;0.282162398;0.269737378;0.894292193;0.141081199;0.089912459;0.178858439;1.69;2.5
May-18;2705.27;dark green;0.0216;0.021608353;0.02178971;0.121680902;0.290097523;0.283706386;1.06457152;0.145048761;0.094568795;0.212914304;1.7;2.8
Jun-18;2718.37;dark green;0.0048;0.0048424;0.01674141;0.121712793;0.295164994;0.317607883;0.995631938;0.147582497;0.105869294;0.199126388;1.82;2.9
Jul-18;2816.29;dark green;0.036;0.036021586;-0.002663069;0.140059912;0.295679978;0.338642672;1.041795957;0.147839989;0.112880891;0.208359191;1.91;2.9
Aug-18;2901.52;dark green;0.0303;0.030263219;0.069160559;0.173920256;0.336520878;0.471224736;1.062819036;0.168260439;0.157074912;0.212563807;1.91;2.7
Sep-18;2913.98;dark green;0.0043;0.004294301;0.103416677;0.156635018;0.343919346;0.517674203;1.022656125;0.171959673;0.172558068;0.204531225;1.95;2.3
Oct-18;2711.74;dark green;-0.0694;-0.069403359;0.024051661;0.052996591;0.275422712;0.304122422;0.920278155;0.137711356;0.101374141;0.184055631;2.19;2.5
Nov-18;2760.17;dark green;0.0179;0.017859382;0.020293723;0.042525627;0.255301731;0.326743286;0.949024841;0.127650866;0.108914429;0.189804968;2.2;2.2
Dec-18;2506.85;dark green;-0.0918;-0.091776956;-0.077811335;-0.062372597;0.119714315;0.226479251;0.757725128;0.059857158;0.075493084;0.151545026;2.27;1.9
Jan-19;2704.1;dark green;0.0787;0.078684405;-0.039836096;-0.042393079;0.186596866;0.393693564;0.805007643;0.093298433;0.131231188;0.161001529;2.4;1.6
Feb-19;2784.49;dark green;0.0297;0.02972893;-0.040334032;0.026037003;0.178051649;0.441075855;0.83833549;0.089025825;0.147025285;0.167667098;2.4;1.5
Mar-19;2834.4;dark green;0.0179;0.017924288;-0.027309728;0.073282668;0.19963432;0.376096012;0.806282222;0.09981716;0.125365337;0.161256444;2.41;1.9
Apr-19;2945.83;dark green;0.0393;0.039313435;0.086324648;0.112452559;0.235563292;0.426344841;0.84394424;0.117781646;0.142114947;0.168788848;2.42;2
May-19;2752.06;dark green;-0.0658;-0.065777726;-0.002938225;0.017295871;0.14108135;0.312410882;0.687614212;0.070540675;0.104136961;0.137522842;2.39;1.8
Jun-19;2941.76;dark green;0.0689;0.068930183;0.173488641;0.082177923;0.21389282;0.401598963;0.831411709;0.10694641;0.133866321;0.166282342;2.38;1.6
Jul-19;2980.38;dark green;0.0131;0.013128195;0.102170778;0.058264596;0.206485042;0.371172249;0.768005552;0.103242521;0.123724083;0.15360111;2.4;1.8
Aug-19;2926.46;dark green;-0.0181;-0.018091653;0.050985997;0.008595495;0.184010681;0.348008936;0.792108857;0.092005341;0.116002979;0.158421771;2.13;1.7
Sep-19;2976.74;orange;0.0172;0.017181168;0.050218741;0.021537553;0.181546107;0.372864081;0.770235794;0.090773053;0.124288027;0.154047159;2.04;1.7
Oct-19;3037.56;orange;0.0204;0.020431747;0.031138932;0.120151637;0.179515855;0.428666839;0.729285983;0.089757927;0.142888946;0.145857197;1.83;1.8
Nov-19;3140.98;orange;0.034;0.034047064;0.141319593;0.13796614;0.186358864;0.428490866;0.739374574;0.093179432;0.142830289;0.147874915;1.55;2.1
Dec-19;3230.78;orange;0.0286;0.028589803;0.098247308;0.288780741;0.208396139;0.443066244;0.747917072;0.104198069;0.147688748;0.149583414;1.55;2.3
Jan-20;3225.52;orange;-0.0016;-0.00162809;0.082251257;0.192825709;0.142258155;0.415403248;0.809457026;0.071129077;0.138467749;0.161891405;1.55;2.5
Feb-20;2954.22;orange;-0.0841;-0.084110469;0.009485863;0.060955507;0.088579609;0.249860385;0.588760117;0.044289804;0.083286795;0.117752023;1.58;2.3
Mar-20;2584.59;red;-0.1251;-0.125119321;-0.131738076;-0.088135055;-0.021311159;0.093904483;0.380406336;-0.010655579;0.031301494;0.076081267;0.65;1.5
Apr-20;2912.43;red;0.1268;0.126844103;-0.041194248;-0.011338061;0.099839505;0.2215544;0.545916824;0.049919752;0.073851467;0.109183365;0.05;0.3
May-20;3044.31;red;0.0453;0.045281775;-0.030777019;0.106193179;0.125325753;0.262256406;0.582635412;0.062662877;0.087418802;0.116527082;0.05;0.1
Jun-20;3100.29;red;0.0184;0.018388403;-0.040389627;0.053889508;0.140495959;0.279308908;0.581595017;0.070247979;0.093102969;0.116319003;0.08;0.6
Jul-20;3271.12;light green;0.0551;0.055101297;0.014137255;0.097551319;0.161499704;0.324179249;0.694292655;0.080749852;0.10805975;0.138858531;0.09;1
Aug-20;3500.31;light green;0.0701;0.070064687;0.184850824;0.196090157;0.206371143;0.416183521;0.74721095;0.103185572;0.13872784;0.14944219;0.1;1.3
Sep-20;3363;light green;-0.0392;-0.039227954;0.301173494;0.129759401;0.154091655;0.334862822;0.7051245;0.077045827;0.111620941;0.1410249;0.09;1.4
Oct-20;3269.96;light green;-0.0277;-0.027665775;0.122760032;0.076508777;0.205853069;0.26975917;0.620356285;0.102926534;0.089919723;0.124071257;0.09;1.2
Nov-20;3621.63;dark green;0.1075;0.107545658;0.189639032;0.153025489;0.312103965;0.367902009;0.75164445;0.156051982;0.122634003;0.15032889;0.09;1.2
Dec-20;3756.07;dark green;0.0371;0.037121407;0.211522148;0.16258922;0.498322596;0.404868324;0.824309097;0.249161298;0.134956108;0.164861819;0.09;1.4
Jan-21;3714.24;dark green;-0.0111;-0.01113664;0.135464306;0.151516655;0.37355867;0.315329289;0.861783768;0.186779335;0.105109763;0.172356754;0.09;1.4
Feb-21;3811.15;dark green;0.0261;0.026091475;0.088803563;0.290069798;0.368706657;0.404343677;0.81095272;0.184353329;0.134781226;0.162190544;0.08;1.7
Mar-21;3972.89;dark green;0.0424;0.042438634;0.181352959;0.537145156;0.401668784;0.504386812;0.921228885;0.200834392;0.168128937;0.184245777;0.07;2.6
Apr-21;4181.17;dark green;0.0524;0.052425313;0.278660901;0.435629354;0.419352101;0.578961878;1.004866915;0.209676051;0.192987293;0.200973383;0.07;4.2
May-21;4204.11;dark green;0.0055;0.005486503;0.160833658;0.380973028;0.527622944;0.554044513;0.994936865;0.263811472;0.184681504;0.198987373;0.06;5
Jun-21;4297.5;dark green;0.0222;0.022213976;0.144148006;0.386160649;0.460860165;0.580910619;1.083020295;0.230430083;0.193636873;0.216604059;0.08;5.4
Jul-21;4395.26;dark green;0.0227;0.022748109;0.183353795;0.343655996;0.47473141;0.56065604;1.089160773;0.237365705;0.186885347;0.217832155;0.1;5.4
Aug-21;4522.68;dark green;0.029;0.028990321;0.186696929;0.292079844;0.545443984;0.558727839;1.293238954;0.272721992;0.186242613;0.258647791;0.09;5.3
Sep-21;4307.54;dark green;-0.0476;-0.04756914;0.084233392;0.280862325;0.447066254;0.47823252;1.243475362;0.223533127;0.15941084;0.248695072;0.08;5.4
Oct-21;4605.38;dark green;0.0691;0.069143873;0.101457248;0.408390317;0.516144537;0.698311785;1.214806479;0.258072269;0.232770595;0.242961296;0.08;6.2
Nov-21;4567;dark green;-0.0083;-0.008333731;0.086317913;0.261034396;0.454004801;0.654608231;1.195240361;0.227002401;0.218202744;0.239048072;0.08;6.8
Dec-21;4766.18;dark green;0.0436;0.043612875;0.109058755;0.268927363;0.475241273;0.901262541;1.331859057;0.237620637;0.300420847;0.266371811;0.08;7
Jan-22;4515.55;dark green;-0.0526;-0.052585089;0.027368119;0.215739963;0.399944815;0.669890167;1.327315178;0.199972408;0.223296722;0.265463036;0.08;7.5
Feb-22;4373.94;dark green;-0.0314;-0.031360521;-0.03288758;0.147669339;0.480573552;0.570822664;1.263674614;0.240286776;0.190274221;0.252734923;0.08;7.9
Mar-22;4530.41;dark green;0.0358;0.035773239;0.051739508;0.140331094;0.752854418;0.598366497;1.199505763;0.376427209;0.199455499;0.239901153;0.2;8.5
Apr-22;4131.93;dark green;-0.088;-0.087956719;-0.102803677;-0.011776608;0.41872251;0.402636948;1.000643974;0.209361255;0.134212316;0.200128795;0.33;8.3
May-22;4132.15;dark green;0.0001;5.32E-05;-0.095215678;-0.017116584;0.357335488;0.501475259;0.970552469;0.178667744;0.16715842;0.194110494;0.77;8.6
Jun-22;3785.38;orange;-0.0839;-0.083919993;-0.205783248;-0.119166958;0.220976102;0.286773904;0.80354097;0.110488051;0.095591301;0.160708194;1.21;9.1
Jul-22;4130.29;orange;0.0911;0.091116348;-0.08531851;-0.060285398;0.262653159;0.38582664;0.90020703;0.131326579;0.12860888;0.180041406;1.58;8.5
Aug-22;3955;orange;-0.0424;-0.042440119;-0.095780921;-0.125518498;0.129899923;0.351462176;0.82178309;0.064949962;0.117154059;0.164356618;2.33;8.3
Sep-22;3585.62;orange;-0.0934;-0.093395702;-0.208544039;-0.167594497;0.066196848;0.204545913;0.653677817;0.033098424;0.068181971;0.130735563;3.08;8.2
